,composite
2014-05-09,
2014-05-10,0.0
2014-05-11,0.0
2014-05-12,0.0
2014-05-13,0.0
2014-05-14,0.0
2014-05-15,0.0
2014-05-16,-0.00033944331296686947
2014-05-17,0.0
2014-05-18,0.0
2014-05-19,0.0
2014-05-20,0.0
2014-05-21,0.0
2014-05-22,0.0
2014-05-23,0.0027164685908318553
2014-05-24,0.0
2014-05-25,0.0
2014-05-26,0.0
2014-05-27,0.0
2014-05-28,0.0
2014-05-29,0.0
2014-05-30,0.0
2014-05-31,0.0
2014-06-01,0.0032634060823546474
2014-06-02,0.0
2014-06-03,0.0
2014-06-04,0.002903274708258463
2014-06-05,0.0
2014-06-06,0.0016828001276620874
2014-06-07,0.0
2014-06-08,0.0
2014-06-09,0.0
2014-06-10,0.0
2014-06-11,0.0083291010195079
2014-06-12,0.0
2014-06-13,0.0003332191973968168
2014-06-14,0.0
2014-06-15,0.0
2014-06-16,0.0
2014-06-17,0.0
2014-06-18,0.00021698667778968783
2014-06-19,0.0
2014-06-20,0.0013321437399551606
2014-06-21,0.0
2014-06-22,0.0
2014-06-23,0.0
2014-06-24,0.0
2014-06-25,0.0009147486435263641
2014-06-26,0.0
2014-06-27,0.0009968667379269824
2014-06-28,0.0
2014-06-29,0.0
2014-06-30,0.0
2014-07-01,-0.001190138763917492
2014-07-02,0.0
2014-07-03,0.0
2014-07-04,0.0019941212495531158
2014-07-05,0.0
2014-07-06,0.0
2014-07-07,0.0
2014-07-08,0.0027842238958419863
2014-07-09,0.0007900358931727247
2014-07-10,0.0
2014-07-11,-0.004627140721329859
2014-07-12,0.0
2014-07-13,0.0
2014-07-14,0.0
2014-07-15,0.0
2014-07-16,-0.002379245792624718
2014-07-17,0.0
2014-07-18,-0.0013313535264766196
2014-07-19,0.0
2014-07-20,0.0
2014-07-21,0.0
2014-07-22,0.0
2014-07-23,-7.236665177134949e-05
2014-07-24,0.0
2014-07-25,0.004666287054387874
2014-07-26,0.0
2014-07-27,0.0
2014-07-28,0.0
2014-07-29,0.0015607745745949142
2014-07-30,0.0
2014-07-31,0.0
2014-08-01,0.0021640449147373175
2014-08-02,0.0
2014-08-03,0.0
2014-08-04,0.0
2014-08-05,0.0
2014-08-06,0.0
2014-08-07,-0.0015310545848371548
2014-08-08,0.004311979310971825
2014-08-09,0.0
2014-08-10,0.0
2014-08-11,0.0
2014-08-12,0.003578481320713811
2014-08-13,0.0
2014-08-14,0.0
2014-08-15,0.0006568722456463671
2014-08-16,0.0
2014-08-17,0.0
2014-08-18,0.0
2014-08-19,0.0003563380767170887
2014-08-20,0.0
2014-08-21,0.0
2014-08-22,0.0
2014-08-23,0.0
2014-08-24,0.0
2014-08-25,0.0
2014-08-26,0.0
2014-08-27,0.0026359624739096255
2014-08-28,0.0
2014-08-29,0.0
2014-08-30,0.0
2014-08-31,0.0
2014-09-01,-0.002013624330116981
2014-09-02,0.0
2014-09-03,0.0
2014-09-04,0.000379724253425584
2014-09-05,0.001940233748573661
2014-09-06,0.0
2014-09-07,0.0
2014-09-08,0.0
2014-09-09,0.0
2014-09-10,-7.103345056103105e-05
2014-09-11,0.0
2014-09-12,0.001308661303165426
2014-09-13,0.0
2014-09-14,0.0
2014-09-15,0.0
2014-09-16,0.0003310797132540788
2014-09-17,0.0
2014-09-18,0.0
2014-09-19,-0.0029396663669331025
2014-09-20,0.0
2014-09-21,0.0
2014-09-22,0.0
2014-09-23,0.0
2014-09-24,-0.00206280695070038
2014-09-25,0.0
2014-09-26,0.0006565395329152235
2014-09-27,0.0
2014-09-28,0.0
2014-09-29,0.0
2014-09-30,0.0
2014-10-01,-4.170721667373645e-05
2014-10-02,0.0
2014-10-03,0.0005330522950393046
2014-10-04,0.0
2014-10-05,0.0
2014-10-06,0.0
2014-10-07,0.0
2014-10-08,-0.00136210182977059
2014-10-09,0.002566572118883226
2014-10-10,-0.007859999166300313
2014-10-11,0.0
2014-10-12,0.0
2014-10-13,0.0
2014-10-14,0.0
2014-10-15,-0.0013379243680807784
2014-10-16,0.0
2014-10-17,0.004296977632727961
2014-10-18,0.0
2014-10-19,0.0
2014-10-20,0.0
2014-10-21,0.0031205713644240074
2014-10-22,0.0
2014-10-23,0.0
2014-10-24,0.0059057757658171894
2014-10-25,0.0
2014-10-26,0.0
2014-10-27,0.0
2014-10-28,0.0
2014-10-29,0.0
2014-10-30,0.0036591826063723243
2014-10-31,0.0009749495402384678
2014-11-01,0.002823313708550934
2014-11-02,0.0
2014-11-03,0.0
2014-11-04,0.004991120957686723
2014-11-05,0.0
2014-11-06,0.0
2014-11-07,-0.0006442894560976242
2014-11-08,0.0
2014-11-09,0.0
2014-11-10,-0.0003779859874347702
2014-11-11,0.0
2014-11-12,0.0
2014-11-13,0.0017738379773029056
2014-11-14,-0.0006438066055554081
2014-11-15,0.0
2014-11-16,0.0
2014-11-17,0.0
2014-11-18,0.0
2014-11-19,0.00037301847757764683
2014-11-20,0.0
2014-11-21,-0.002897915141955365
2014-11-22,0.0
2014-11-23,0.0
2014-11-24,0.0
2014-11-25,0.0
2014-11-26,0.0
2014-11-27,0.0
2014-11-28,0.0029063374612920967
2014-11-29,0.0
2014-11-30,0.0
2014-12-01,0.0003970820441374645
2014-12-02,0.0
2014-12-03,0.0006522799180401773
2014-12-04,0.0
2014-12-05,-0.0025732236611094583
2014-12-06,0.0
2014-12-07,0.0
2014-12-08,0.003048168028358944
2014-12-09,0.0
2014-12-10,0.00037231450663965937
2014-12-11,0.0
2014-12-12,-0.001928298767082226
2014-12-13,0.0
2014-12-14,0.0
2014-12-15,0.0
2014-12-16,0.0
2014-12-17,-0.0012585206016900718
2014-12-18,0.0
2014-12-19,0.004513737301361065
2014-12-20,0.0
2014-12-21,0.0
2014-12-22,0.0
2014-12-23,0.0
2014-12-24,0.0068975389262124764
2014-12-25,0.0
2014-12-26,0.0
2014-12-27,0.0
2014-12-28,0.0
2014-12-29,0.0
2014-12-30,0.0
2014-12-31,0.00016149919522212564
2015-01-01,-5.875303609226279e-05
2015-01-02,0.0003187296520053007
2015-01-03,0.0
2015-01-04,0.0
2015-01-05,-0.0008071557607095547
2015-01-06,0.0
2015-01-07,0.0015463749073443278
2015-01-08,0.0
2015-01-09,0.007162910791043364
2015-01-10,0.0
2015-01-11,0.0
2015-01-12,0.0
2015-01-13,0.0
2015-01-14,0.0028143254299919374
2015-01-15,0.0
2015-01-16,-0.003152415367339456
2015-01-17,0.0
2015-01-18,0.0
2015-01-19,0.0
2015-01-20,0.0
2015-01-21,0.0023346408757245474
2015-01-22,0.0
2015-01-23,0.00757204483514573
2015-01-24,0.0
2015-01-25,0.0
2015-01-26,0.0
2015-01-27,0.0
2015-01-28,0.0052806451533495835
2015-01-29,0.0
2015-01-30,0.0021804018637294753
2015-01-31,0.0
2015-02-01,0.005863971620798436
2015-02-02,0.0
2015-02-03,0.0
2015-02-04,0.002392998145965608
2015-02-05,0.0
2015-02-06,0.00030825868527384337
2015-02-07,0.0
2015-02-08,0.0
2015-02-09,0.0008328641897252798
2015-02-10,0.002473706251742147
2015-02-11,0.0
2015-02-12,0.0
2015-02-13,0.002764327082797502
2015-02-14,0.0
2015-02-15,0.0
2015-02-16,0.0
2015-02-17,0.0
2015-02-18,0.0027268320709072924
2015-02-19,0.0
2015-02-20,0.003360145567701478
2015-02-21,0.0
2015-02-22,0.0
2015-02-23,0.0
2015-02-24,0.0
2015-02-25,0.0005729109815231226
2015-02-26,0.0
2015-02-27,0.0021298933609597004
2015-02-28,0.0
2015-03-01,0.001619321669930729
2015-03-02,0.0
2015-03-03,0.0010092440060878172
2015-03-04,0.0
2015-03-05,0.0
2015-03-06,0.007571668214567673
2015-03-07,0.0
2015-03-08,0.0
2015-03-09,0.0
2015-03-10,0.0
2015-03-11,0.0
2015-03-12,0.0
2015-03-13,0.00330606782369669
2015-03-14,0.0
2015-03-15,0.0
2015-03-16,0.0
2015-03-17,-0.002319928770550095
2015-03-18,0.0
2015-03-19,0.0
2015-03-20,0.0009007734818897717
2015-03-21,0.0
2015-03-22,0.0
2015-03-23,0.0
2015-03-24,0.003061453474076492
2015-03-25,0.0
2015-03-26,0.0
2015-03-27,-0.0014953600568383685
2015-03-28,0.0
2015-03-29,0.0
2015-03-30,0.0
2015-03-31,0.0
2015-04-01,0.003528264465512354
2015-04-02,-0.0002984668315486605
2015-04-03,0.0
2015-04-04,0.0
2015-04-05,0.0
2015-04-06,0.0
2015-04-07,0.0
2015-04-08,-0.000129652891183496
2015-04-09,0.0
2015-04-10,0.004964068868114069
2015-04-11,0.0
2015-04-12,0.0
2015-04-13,0.0
2015-04-14,0.00501063367831911
2015-04-15,0.0
2015-04-16,0.0
2015-04-17,-0.005321491123377653
2015-04-18,0.0
2015-04-19,0.0
2015-04-20,0.0
2015-04-21,0.0
2015-04-22,-0.007615292737487844
2015-04-23,0.0
2015-04-24,0.0008985025084233822
2015-04-25,0.0
2015-04-26,0.0
2015-04-27,0.0
2015-04-28,0.0
2015-04-29,0.0
2015-04-30,0.0007580210784237096
2015-05-01,0.002694007132862053
2015-05-02,0.0
2015-05-03,0.0
2015-05-04,0.0
2015-05-05,0.0
2015-05-06,-0.006712373714561348
2015-05-07,0.0010539448586965872
2015-05-08,-0.0011996042213184843
2015-05-09,0.0
2015-05-10,0.0
2015-05-11,0.0
2015-05-12,0.0006954317344014527
2015-05-13,0.0
2015-05-14,0.0
2015-05-15,-0.001200210335614904
2015-05-16,0.0
2015-05-17,0.0
2015-05-18,0.0
2015-05-19,0.0
2015-05-20,-0.0014133102989384305
2015-05-21,0.0
2015-05-22,0.0024067065660782205
2015-05-23,0.0
2015-05-24,0.0
2015-05-25,0.0
2015-05-26,0.004909111198457383
2015-05-27,0.0
2015-05-28,0.0
2015-05-29,0.0008959497715659293
2015-05-30,0.0
2015-05-31,0.0
2015-06-01,-0.003156182901887794
2015-06-02,0.0
2015-06-03,-0.0004549575641107362
2015-06-04,0.0
2015-06-05,0.0014973178151287403
2015-06-06,0.0
2015-06-07,0.0
2015-06-08,0.005539397518160349
2015-06-09,-0.001205281168521144
2015-06-10,0.0
2015-06-11,0.0
2015-06-12,-0.001786364662108908
2015-06-13,0.0
2015-06-14,0.0
2015-06-15,0.0
2015-06-16,-0.0015974685934814215
2015-06-17,0.0
2015-06-18,0.0
2015-06-19,-0.0005974749379428212
2015-06-20,0.0
2015-06-21,0.0
2015-06-22,0.0
2015-06-23,-0.0006274115233706468
2015-06-24,0.0
2015-06-25,0.0
2015-06-26,0.0011964148998073743
2015-06-27,0.0
2015-06-28,0.0
2015-06-29,0.0
2015-06-30,0.0
2015-07-01,-0.0005982028171287457
2015-07-02,0.000519252850966323
2015-07-03,0.0005975399622204502
2015-07-04,0.0
2015-07-05,0.0
2015-07-06,-0.001383129171376063
2015-07-07,0.0
2015-07-08,0.005847559346988218
2015-07-09,0.0
2015-07-10,0.000891800513856067
2015-07-11,0.0
2015-07-12,0.0
2015-07-13,0.0
2015-07-14,0.0023216049754086754
2015-07-15,0.0
2015-07-16,0.0
2015-07-17,0.004444710709122113
2015-07-18,0.0
2015-07-19,0.0
2015-07-20,0.0
2015-07-21,0.0
2015-07-22,0.0
2015-07-23,0.0045479014575886545
2015-07-24,0.0014683363757093115
2015-07-25,0.0
2015-07-26,0.0
2015-07-27,0.0
2015-07-28,-0.003013782546893884
2015-07-29,0.0
2015-07-30,0.0
2015-07-31,-0.003529477538058323
2015-08-01,-0.007431986756024855
2015-08-02,0.0
2015-08-03,0.0
2015-08-04,0.0
2015-08-05,0.0
2015-08-06,0.0025740707672905483
2015-08-07,-0.0005932229882230633
2015-08-08,0.0
2015-08-09,0.0
2015-08-10,0.0
2015-08-11,-0.0012244069339236718
2015-08-12,0.0
2015-08-13,0.0
2015-08-14,0.0002971513895337896
2015-08-15,0.0
2015-08-16,0.0
2015-08-17,0.0
2015-08-18,-0.0023650844724273368
2015-08-19,0.0
2015-08-20,0.0
2015-08-21,-0.0017866041706773306
2015-08-22,0.0
2015-08-23,0.0
2015-08-24,0.0
2015-08-25,0.0
2015-08-26,-0.00932701519831225
2015-08-27,0.0
2015-08-28,0.0012044350090387734
2015-08-29,0.0
2015-08-30,0.0
2015-08-31,0.0
2015-09-01,-0.003982219996055636
2015-09-02,0.0
2015-09-03,0.0
2015-09-04,-0.006929634375821503
2015-09-05,0.0
2015-09-06,0.0
2015-09-07,0.0
2015-09-08,0.0
2015-09-09,0.0
2015-09-10,0.0003741171874962479
2015-09-11,0.0021275956540127705
2015-09-12,0.0
2015-09-13,0.0
2015-09-14,0.0
2015-09-15,0.0
2015-09-16,0.0014268772968306642
2015-09-17,0.0
2015-09-18,0.00030286479213370576
2015-09-19,0.0
2015-09-20,0.0
2015-09-21,0.0
2015-09-22,-0.0021694902866575827
2015-09-23,0.0
2015-09-24,0.0
2015-09-25,0.0006068627685296146
2015-09-26,0.0
2015-09-27,0.0
2015-09-28,0.0
2015-09-29,0.00043896738644599864
2015-09-30,0.0
2015-10-01,0.006383564076300585
2015-10-02,-0.001204766485719766
2015-10-03,0.0
2015-10-04,0.0
2015-10-05,0.0
2015-10-06,0.0
2015-10-07,0.002077879737009347
2015-10-08,0.0
2015-10-09,-0.002708366662063977
2015-10-10,0.0
2015-10-11,0.0
2015-10-12,0.0
2015-10-13,0.0
2015-10-14,-0.0034725230473829916
2015-10-15,0.0
2015-10-16,-0.0006055966890241571
2015-10-17,0.0
2015-10-18,0.0
2015-10-19,0.0
2015-10-20,0.0012499616173720085
2015-10-21,0.0
2015-10-22,0.0
2015-10-23,0.0
2015-10-24,0.0
2015-10-25,0.0
2015-10-26,0.0
2015-10-27,0.005212622403377942
2015-10-28,0.0
2015-10-29,0.0
2015-10-30,-0.00030103440773843193
2015-10-31,0.0
2015-11-01,0.00038283554592322133
2015-11-02,0.0
2015-11-03,0.0
2015-11-04,0.0
2015-11-05,-0.0030776386181985416
2015-11-06,0.0007666703006943276
2015-11-07,0.0
2015-11-08,0.0
2015-11-09,0.0
2015-11-10,0.003057171248761481
2015-11-11,0.0
2015-11-12,0.0
2015-11-13,-0.0018047292444433038
2015-11-14,0.0
2015-11-15,0.0
2015-11-16,0.0
2015-11-17,0.0
2015-11-18,0.0
2015-11-19,-0.005735962247524817
2015-11-20,0.0021214930147812616
2015-11-21,0.0
2015-11-22,0.0
2015-11-23,0.0
2015-11-24,0.004137044875262452
2015-11-25,0.0
2015-11-26,0.0
2015-11-27,-0.0009035484695324447
2015-11-28,0.0
2015-11-29,0.0
2015-11-30,0.0
2015-12-01,-0.0009443544963393391
2015-12-02,0.0
2015-12-03,0.0
2015-12-04,0.0037767420251879624
2015-12-05,0.0
2015-12-06,0.0
2015-12-07,0.0
2015-12-08,-0.0010878555181577099
2015-12-09,0.0
2015-12-10,0.0
2015-12-11,-0.0009027966481609528
2015-12-12,0.0
2015-12-13,0.0
2015-12-14,0.0
2015-12-15,-0.0024852554196850285
2015-12-16,0.0
2015-12-17,0.0
2015-12-18,0.00030195457639092815
2015-12-19,0.0
2015-12-20,0.0
2015-12-21,0.0
2015-12-22,0.0010268655755389933
2015-12-23,0.0
2015-12-24,0.0
2015-12-25,0.0
2015-12-26,0.0
2015-12-27,0.0
2015-12-28,0.0
2015-12-29,0.0
2015-12-30,0.0
2015-12-31,0.00039286424845474954
2016-01-01,-0.010226493515518964
2016-01-02,0.0
2016-01-03,0.0
2016-01-04,0.0
2016-01-05,-0.002292434485394179
2016-01-06,0.0
2016-01-07,0.001355337991673311
2016-01-08,0.00030483643409429106
2016-01-09,0.0
2016-01-10,0.0
2016-01-11,0.0
2016-01-12,-0.004764238490833295
2016-01-13,0.0
2016-01-14,0.0
2016-01-15,-0.0015310117911107035
2016-01-16,0.0
2016-01-17,0.0
2016-01-18,0.0
2016-01-19,0.0
2016-01-20,0.0
2016-01-21,0.0
2016-01-22,-0.000920015629443105
2016-01-23,0.0
2016-01-24,0.0
2016-01-25,0.0
2016-01-26,0.0
2016-01-27,-0.0007998000578822717
2016-01-28,0.0
2016-01-29,0.0
2016-01-30,0.0
2016-01-31,0.0
2016-02-01,-0.0032182053435486635
2016-02-02,0.0004461247488507514
2016-02-03,0.0
2016-02-04,-0.005583496677156519
2016-02-05,-0.0009293521494420087
2016-02-06,0.0
2016-02-07,0.0
2016-02-08,0.0
2016-02-09,-0.0039049667447779157
2016-02-10,0.0
2016-02-11,0.0
2016-02-12,0.0
2016-02-13,0.0
2016-02-14,0.0
2016-02-15,0.0
2016-02-16,0.0
2016-02-17,0.0013067584298043222
2016-02-18,0.0
2016-02-19,-0.0003108815374713858
2016-02-20,0.0
2016-02-21,0.0
2016-02-22,-0.016398461948428533
2016-02-23,0.004045742763187921
2016-02-24,0.0
2016-02-25,0.0
2016-02-26,0.0
2016-02-27,0.0
2016-02-28,0.0
2016-02-29,0.0
2016-03-01,0.0071369886172854
2016-03-02,0.000398278284361675
2016-03-03,0.0033339995066192785
2016-03-04,0.00024919552767443953
2016-03-05,0.0
2016-03-06,0.0
2016-03-07,0.0
2016-03-08,-1.803172482850446e-05
2016-03-09,0.0
2016-03-10,0.0
2016-03-11,-0.0012456896856046784
2016-03-12,0.0
2016-03-13,0.0
2016-03-14,0.0
2016-03-15,0.0014263086862387198
2016-03-16,0.0
2016-03-17,0.0021867355982323478
2016-03-18,-0.0007456496275026758
2016-03-19,0.0
2016-03-20,0.0
2016-03-21,0.0
2016-03-22,0.0
2016-03-23,0.0
2016-03-24,0.0030178782687326766
2016-03-25,0.0
2016-03-26,0.0
2016-03-27,0.0
2016-03-28,0.0
2016-03-29,0.00014358995318519696
2016-03-30,0.0
2016-03-31,0.0
2016-04-01,0.0011788757404711525
2016-04-02,0.0
2016-04-03,0.0
2016-04-04,0.0
2016-04-05,0.0028680057390240155
2016-04-06,0.0007149509513244556
2016-04-07,0.0
2016-04-08,-0.0012338734939493223
2016-04-09,0.0
2016-04-10,0.0
2016-04-11,0.0
2016-04-12,0.0
2016-04-13,0.0
2016-04-14,0.0
2016-04-15,-0.0004941591274291168
2016-04-16,0.0
2016-04-17,0.0
2016-04-18,0.0
2016-04-19,-0.002576435175044245
2016-04-20,0.0
2016-04-21,0.0024532989478178724
2016-04-22,-0.0017306360878509564
2016-04-23,0.0
2016-04-24,0.0
2016-04-25,0.0
2016-04-26,-0.0006632342335146646
2016-04-27,0.0
2016-04-28,0.0
2016-04-29,-0.0014869602442544316
2016-04-30,0.0
2016-05-01,0.0020115920713736912
2016-05-02,0.0
2016-05-03,0.0013066945627957516
2016-05-04,0.0
2016-05-05,-0.00019278885345941355
2016-05-06,0.0022267976029846093
2016-05-07,0.0
2016-05-08,0.0
2016-05-09,0.0
2016-05-10,0.0008397989380715121
2016-05-11,0.0
2016-05-12,0.0
2016-05-13,0.0
2016-05-14,0.0
2016-05-15,0.0
2016-05-16,0.0
2016-05-17,0.0
2016-05-18,0.0
2016-05-19,0.0
2016-05-20,0.001726655506453234
2016-05-21,0.0
2016-05-22,0.0
2016-05-23,0.0
2016-05-24,0.0
2016-05-25,0.0020852086971507866
2016-05-26,0.0
2016-05-27,0.0012972616553659222
2016-05-28,0.0
2016-05-29,0.0
2016-05-30,0.0
2016-05-31,0.002788660454615899
2016-06-01,-0.0021094847347258305
2016-06-02,-0.0003017536958362932
2016-06-03,-0.0004906361047563035
2016-06-04,0.0
2016-06-05,0.0
2016-06-06,0.0011301326717063631
2016-06-07,0.0
2016-06-08,-0.0011178869733612373
2016-06-09,0.0
2016-06-10,-0.0024543577789603033
2016-06-11,0.0
2016-06-12,0.0
2016-06-13,0.0
2016-06-14,0.0031974054863048718
2016-06-15,0.0
2016-06-16,0.0
2016-06-17,-0.000981021864181808
2016-06-18,0.0
2016-06-19,0.0
2016-06-20,0.0
2016-06-21,-0.002718576922403959
2016-06-22,0.0
2016-06-23,0.0
2016-06-24,-0.00024616552319711715
2016-06-25,0.0
2016-06-26,0.0
2016-06-27,0.0
2016-06-28,-0.001479167921244584
2016-06-29,0.0
2016-06-30,0.001726136194363681
2016-07-01,0.004198402296567538
2016-07-02,0.0
2016-07-03,0.0
2016-07-04,0.0
2016-07-05,0.005322736668164518
2016-07-06,0.0
2016-07-07,0.0
2016-07-08,0.00041595630049440224
2016-07-09,0.0
2016-07-10,0.0
2016-07-11,0.0
2016-07-12,0.003933982959712479
2016-07-13,0.0
2016-07-14,0.0
2016-07-15,0.0016994768687812467
2016-07-16,0.0
2016-07-17,0.0
2016-07-18,0.001204826055238195
2016-07-19,0.001787155107165317
2016-07-20,0.0
2016-07-21,0.0
2016-07-22,0.0009665879328688565
2016-07-23,0.0
2016-07-24,0.0
2016-07-25,0.0
2016-07-26,0.0022714876879352808
2016-07-27,0.0
2016-07-28,0.0
2016-07-29,0.0004817330207951276
2016-07-30,0.0
2016-07-31,0.0
2016-08-01,0.0011141252083730624
2016-08-02,0.0
2016-08-03,-0.001183580548081764
2016-08-04,0.0013375805219502102
2016-08-05,0.0014426757430223702
2016-08-06,0.0
2016-08-07,0.0
2016-08-08,0.0
2016-08-09,0.00020853447789059842
2016-08-10,0.0
2016-08-11,0.0
2016-08-12,-0.0004800990254859583
2016-08-13,0.0
2016-08-14,0.0
2016-08-15,0.0
2016-08-16,-0.0011868636337845073
2016-08-17,0.0
2016-08-18,0.0
2016-08-19,-0.0011866163585158018
2016-08-20,0.0
2016-08-21,0.0
2016-08-22,0.0
2016-08-23,0.0
2016-08-24,0.0
2016-08-25,0.0
2016-08-26,0.0
2016-08-27,0.0
2016-08-28,0.0
2016-08-29,0.0
2016-08-30,0.0010977073503293244
2016-08-31,0.0019319351083544323
2016-09-01,0.0017285875179093857
2016-09-02,0.0010309252779601152
2016-09-03,0.0
2016-09-04,0.0
2016-09-05,0.0
2016-09-06,0.0
2016-09-07,0.0
2016-09-08,0.0013570712359618486
2016-09-09,-0.00340031890332837
2016-09-10,0.0
2016-09-11,0.0
2016-09-12,0.0
2016-09-13,0.0
2016-09-14,0.0
2016-09-15,0.0
2016-09-16,0.005996362133914301
2016-09-17,0.0
2016-09-18,0.0
2016-09-19,0.0
2016-09-20,0.0
2016-09-21,0.0
2016-09-22,0.0
2016-09-23,0.004583627719075167
2016-09-24,0.0
2016-09-25,0.0
2016-09-26,0.0
2016-09-27,0.0
2016-09-28,0.0
2016-09-29,0.0
2016-09-30,-0.0013334807694083128
2016-10-01,-0.0015257120099332333
2016-10-02,0.0
2016-10-03,0.0
2016-10-04,0.0
2016-10-05,0.0
2016-10-06,0.001298387725396255
2016-10-07,0.0031791790416810795
2016-10-08,0.0
2016-10-09,0.0
2016-10-10,-0.0003258335150880809
2016-10-11,0.00032593971717176373
2016-10-12,0.0
2016-10-13,0.0
2016-10-14,-0.0050875496921276575
2016-10-15,0.0
2016-10-16,0.0
2016-10-17,0.0
2016-10-18,0.0
2016-10-19,0.0
2016-10-20,0.0
2016-10-21,0.0053979524984519855
2016-10-22,0.0
2016-10-23,0.0
2016-10-24,0.0
2016-10-25,0.0
2016-10-26,0.0
2016-10-27,0.0
2016-10-28,-0.0028707960091550744
2016-10-29,0.0
2016-10-30,0.0
2016-10-31,0.0010831993828859243
2016-11-01,0.0006893567106873721
2016-11-02,0.0
2016-11-03,0.0
2016-11-04,-0.00699909936225529
2016-11-05,0.0
2016-11-06,0.0
2016-11-07,0.0
2016-11-08,0.0
2016-11-09,0.0
2016-11-10,0.0
2016-11-11,0.0031044657477203863
2016-11-12,0.0
2016-11-13,0.0
2016-11-14,0.008025821200684957
2016-11-15,0.0
2016-11-16,0.0
2016-11-17,0.0
2016-11-18,0.003235210800120125
2016-11-19,0.0
2016-11-20,0.0
2016-11-21,0.0
2016-11-22,0.0
2016-11-23,0.0
2016-11-24,0.0
2016-11-25,0.004247080461005526
2016-11-26,0.0
2016-11-27,0.0
2016-11-28,0.0
2016-11-29,0.0
2016-11-30,-0.0020529244344660302
2016-12-01,0.0009630967656728551
2016-12-02,-0.005065665986032641
2016-12-03,0.0
2016-12-04,0.0
2016-12-05,0.0
2016-12-06,0.000848264453259695
2016-12-07,0.0
2016-12-08,0.0
2016-12-09,0.0028053236575085183
2016-12-10,0.0
2016-12-11,0.0
2016-12-12,0.0016524506206616607
2016-12-13,0.0
2016-12-14,0.0
2016-12-15,0.0
2016-12-16,0.0007856402153438857
2016-12-17,0.0
2016-12-18,0.0
2016-12-19,0.0
2016-12-20,0.0
2016-12-21,0.0
2016-12-22,0.0
2016-12-23,0.003865201368439486
2016-12-24,0.0
2016-12-25,0.0
2016-12-26,0.0
2016-12-27,-0.0010479508023462092
2016-12-28,0.0010490501552982145
2016-12-29,0.0
2016-12-30,-0.004827556823050805
2016-12-31,0.0
2017-01-01,0.003472673599192344
2017-01-02,0.0
2017-01-03,0.0
2017-01-04,0.0
2017-01-05,0.0
2017-01-06,0.004534192569147333
2017-01-07,0.0
2017-01-08,0.0
2017-01-09,0.0
2017-01-10,0.0
2017-01-11,0.0
2017-01-12,0.002822974870004824
2017-01-13,0.0007087613043326169
2017-01-14,0.0
2017-01-15,0.0
2017-01-16,0.0
2017-01-17,0.0
2017-01-18,0.0
2017-01-19,0.0
2017-01-20,0.0007401328637459681
2017-01-21,0.0
2017-01-22,0.0
2017-01-23,0.0
2017-01-24,0.0
2017-01-25,0.0
2017-01-26,0.0
2017-01-27,0.0020194610645929423
2017-01-28,0.0
2017-01-29,0.0
2017-01-30,0.0
2017-01-31,-0.0020427300103748047
2017-02-01,0.0020865681396589064
2017-02-02,0.0
2017-02-03,-0.0013787473536618355
2017-02-04,0.0
2017-02-05,0.0
2017-02-06,0.0
2017-02-07,0.0
2017-02-08,-0.0035907743038713358
2017-02-09,0.0
2017-02-10,0.004185014654325636
2017-02-11,0.0
2017-02-12,0.0
2017-02-13,0.0
2017-02-14,0.0010675106532149758
2017-02-15,0.0
2017-02-16,0.0
2017-02-17,0.003761403479424663
2017-02-18,0.0
2017-02-19,0.0
2017-02-20,0.0
2017-02-21,0.0
2017-02-22,0.0
2017-02-23,0.0
2017-02-24,0.0004199578457957376
2017-02-25,0.0
2017-02-26,0.0
2017-02-27,0.0
2017-02-28,0.00016668843333000893
2017-03-01,0.001968726963212486
2017-03-02,0.0
2017-03-03,0.0056821603343437666
2017-03-04,0.0
2017-03-05,0.0
2017-03-06,0.00043950733731135116
2017-03-07,0.0
2017-03-08,0.0
2017-03-09,0.0
2017-03-10,0.0005212755482124631
2017-03-11,0.0
2017-03-12,0.0
2017-03-13,0.0
2017-03-14,0.0
2017-03-15,0.0009638388052104485
2017-03-16,0.0
2017-03-17,-0.0010113446560480188
2017-03-18,0.0
2017-03-19,0.0
2017-03-20,0.0
2017-03-21,0.0
2017-03-22,0.0
2017-03-23,0.0
2017-03-24,-0.0032536002231240424
2017-03-25,0.0
2017-03-26,0.0
2017-03-27,0.0
2017-03-28,0.0
2017-03-29,0.0
2017-03-30,0.0
2017-03-31,0.00031194197716311045
2017-04-01,0.001698646123580172
2017-04-02,0.0
2017-04-03,0.0
2017-04-04,0.0
2017-04-05,0.0
2017-04-06,0.0
2017-04-07,-0.001489043389477307
2017-04-08,0.0
2017-04-09,0.0
2017-04-10,0.0
2017-04-11,0.0
2017-04-12,0.0
2017-04-13,-0.005222140507532669
2017-04-14,0.0
2017-04-15,0.0
2017-04-16,0.0
2017-04-17,0.0008769197333053924
2017-04-18,0.0
2017-04-19,0.0
2017-04-20,0.0
2017-04-21,0.008701741868796908
2017-04-22,0.0
2017-04-23,0.0
2017-04-24,0.0
2017-04-25,0.0
2017-04-26,0.0
2017-04-27,0.0
2017-04-28,0.006480527177259443
2017-04-29,0.0
2017-04-30,0.0
2017-05-01,0.0012957156711081996
2017-05-02,0.0
2017-05-03,0.0
2017-05-04,0.0
2017-05-05,0.00259611091365608
2017-05-06,0.0
2017-05-07,0.0
2017-05-08,0.0
2017-05-09,0.0
2017-05-10,0.0
2017-05-11,0.0
2017-05-12,-0.0005759839774412967
2017-05-13,0.0
2017-05-14,0.0
2017-05-15,0.0
2017-05-16,0.0
2017-05-17,0.0
2017-05-18,0.0
2017-05-19,-0.007381455767083045
2017-05-20,0.0
2017-05-21,0.0
2017-05-22,0.004707415897976519
2017-05-23,-0.004685359960013069
2017-05-24,0.0
2017-05-25,0.0
2017-05-26,0.0030614662832995077
2017-05-27,0.0
2017-05-28,0.0
2017-05-29,0.0
2017-05-30,0.0
2017-05-31,0.0011322389228403118
2017-06-01,0.0015532777225588656
2017-06-02,0.004040561449784041
2017-06-03,0.0
2017-06-04,0.0
2017-06-05,0.0
2017-06-06,-0.0010788044143936748
2017-06-07,0.0
2017-06-08,0.0
2017-06-09,-0.0018481574336616235
2017-06-10,0.0
2017-06-11,0.0
2017-06-12,0.0
2017-06-13,0.0
2017-06-14,0.0011524023914575299
2017-06-15,0.0
2017-06-16,-0.005721961101375683
2017-06-17,0.0
2017-06-18,0.0
2017-06-19,0.0
2017-06-20,0.0
2017-06-21,0.0
2017-06-22,0.0
2017-06-23,0.004355972037169531
2017-06-24,0.0
2017-06-25,0.0
2017-06-26,0.0
2017-06-27,0.0
2017-06-28,0.0
2017-06-29,0.0
2017-06-30,-0.008712866295056299
2017-07-01,0.0029495591539416832
2017-07-02,0.0
2017-07-03,0.002401170364986882
2017-07-04,-0.0023954185569361464
2017-07-05,0.0
2017-07-06,0.0
2017-07-07,-0.0032461057981054697
2017-07-08,0.0
2017-07-09,0.0
2017-07-10,0.0
2017-07-11,0.0
2017-07-12,0.0
2017-07-13,0.0
2017-07-14,9.158804212328064e-05
2017-07-15,0.0
2017-07-16,0.0
2017-07-17,0.0
2017-07-18,0.0016842776558814165
2017-07-19,0.0
2017-07-20,0.0
2017-07-21,-0.0005885701756902506
2017-07-22,0.0
2017-07-23,0.0
2017-07-24,0.0
2017-07-25,0.0
2017-07-26,0.0
2017-07-27,0.0
2017-07-28,-0.004072005015838265
2017-07-29,0.0
2017-07-30,0.0
2017-07-31,-0.00031440749828981485
2017-08-01,0.0022635734927203277
2017-08-02,0.0
2017-08-03,0.0
2017-08-04,0.004436302724568186
2017-08-05,0.0
2017-08-06,0.0
2017-08-07,-0.0014633948430359256
2017-08-08,0.0014655395059912646
2017-08-09,0.0
2017-08-10,0.0
2017-08-11,-0.00039764226821759063
2017-08-12,0.0
2017-08-13,0.0
2017-08-14,0.0
2017-08-15,0.0
2017-08-16,0.000935821981501439
2017-08-17,0.0
2017-08-18,-0.00205858959026739
2017-08-19,0.0
2017-08-20,0.0
2017-08-21,0.0
2017-08-22,0.0
2017-08-23,0.0
2017-08-24,0.0
2017-08-25,-0.0003427981734549501
2017-08-26,0.0
2017-08-27,0.0
2017-08-28,0.0
2017-08-29,-0.0020097614307436062
2017-08-30,0.0
2017-08-31,0.0017331848000241568
2017-09-01,0.003318338663114595
2017-09-02,0.0
2017-09-03,0.0
2017-09-04,0.0
2017-09-05,0.0
2017-09-06,0.0
2017-09-07,-0.000118435883772805
2017-09-08,-0.008089703258478687
2017-09-09,0.0
2017-09-10,0.0
2017-09-11,0.0
2017-09-12,0.0
2017-09-13,0.0
2017-09-14,0.0
2017-09-15,0.007192665073161741
2017-09-16,0.0
2017-09-17,0.0
2017-09-18,0.0
2017-09-19,0.0
2017-09-20,0.0
2017-09-21,0.0
2017-09-22,0.007115660781177979
2017-09-23,0.0
2017-09-24,0.0
2017-09-25,0.0
2017-09-26,0.0
2017-09-27,0.0
2017-09-28,0.0
2017-09-29,0.0030910897373011004
2017-09-30,0.0
2017-10-01,0.0030073736266815754
2017-10-02,0.0
2017-10-03,0.0
2017-10-04,0.0
2017-10-05,0.0013528371786177829
2017-10-06,0.003910778159679662
2017-10-07,0.0
2017-10-08,0.0
2017-10-09,-0.0018884740076194895
2017-10-10,0.0018920470893688535
2017-10-11,0.0
2017-10-12,0.0
2017-10-13,-0.000897957952086248
2017-10-14,0.0
2017-10-15,0.0
2017-10-16,0.0
2017-10-17,0.0020486109175030798
2017-10-18,0.0
2017-10-19,0.0
2017-10-20,0.003619954762777544
2017-10-21,0.0
2017-10-22,0.0
2017-10-23,0.0
2017-10-24,0.0
2017-10-25,0.0
2017-10-26,0.0
2017-10-27,0.005070050747138843
2017-10-28,0.0
2017-10-29,0.0
2017-10-30,0.0
2017-10-31,0.0010389012048566126
2017-11-01,0.0010769642437273852
2017-11-02,0.0
2017-11-03,-0.0009133477313074678
2017-11-04,0.0
2017-11-05,0.0
2017-11-06,0.0
2017-11-07,0.0
2017-11-08,0.0
2017-11-09,0.0
2017-11-10,-0.0011848443288257071
2017-11-11,0.0
2017-11-12,0.0
2017-11-13,0.0029684219963774794
2017-11-14,-0.0027249782536111766
2017-11-15,0.0
2017-11-16,0.0
2017-11-17,0.003338005503052077
2017-11-18,0.0
2017-11-19,0.0
2017-11-20,0.0
2017-11-21,0.0
2017-11-22,0.0
2017-11-23,0.0
2017-11-24,0.0012971538207020572
2017-11-25,0.0
2017-11-26,0.0
2017-11-27,0.0
2017-11-28,0.0
2017-11-29,0.0
2017-11-30,0.002497131403332631
2017-12-01,-0.0018030168526320667
2017-12-02,0.0
2017-12-03,0.0
2017-12-04,0.0
2017-12-05,0.0
2017-12-06,0.0007630874401138854
2017-12-07,0.0
2017-12-08,0.002094838349189665
2017-12-09,0.0
2017-12-10,0.0
2017-12-11,0.0
2017-12-12,0.0
2017-12-13,0.0
2017-12-14,0.0
2017-12-15,-0.001211898326309524
2017-12-16,0.0
2017-12-17,0.0
2017-12-18,0.0
2017-12-19,0.0
2017-12-20,0.0
2017-12-21,0.0
2017-12-22,-0.0003792252461592982
2017-12-23,0.0
2017-12-24,0.0
2017-12-25,0.0
2017-12-26,-0.0009365816123299009
2017-12-27,0.0009374596197719853
2017-12-28,0.0
2017-12-29,-0.0029710901742294737
2017-12-30,0.0
2017-12-31,0.0
2018-01-01,0.006642164083199953
2018-01-02,0.0
2018-01-03,0.0
2018-01-04,0.0
2018-01-05,0.002172670263365095
2018-01-06,0.0
2018-01-07,0.0
2018-01-08,0.0
2018-01-09,0.0
2018-01-10,0.00028219053994882337
2018-01-11,0.0
2018-01-12,0.00480032276607445
2018-01-13,0.0
2018-01-14,0.0
2018-01-15,0.0
2018-01-16,0.0010203263717611932
2018-01-17,0.0
2018-01-18,0.0
2018-01-19,0.002736477886781108
2018-01-20,0.0
2018-01-21,0.0
2018-01-22,0.0
2018-01-23,0.0
2018-01-24,0.0
2018-01-25,0.0
2018-01-26,0.0012543587203992512
2018-01-27,0.0
2018-01-28,0.0
2018-01-29,0.0
2018-01-30,0.0
2018-01-31,-0.002656077120028244
2018-02-01,-0.0036763207331749204
2018-02-02,-0.003777790979979323
2018-02-03,0.0
2018-02-04,0.0
2018-02-05,0.0
2018-02-06,0.0
2018-02-07,-0.00039758135219325474
2018-02-08,0.0
2018-02-09,-0.004825727469575769
2018-02-10,0.0
2018-02-11,0.0
2018-02-12,0.0
2018-02-13,0.0
2018-02-14,0.0
2018-02-15,0.0
2018-02-16,0.008455496916748961
2018-02-17,0.0
2018-02-18,0.0
2018-02-19,0.0
2018-02-20,0.0
2018-02-21,0.0
2018-02-22,0.0
2018-02-23,0.003879923703803856
2018-02-24,0.0
2018-02-25,0.0
2018-02-26,0.0
2018-02-27,0.0
2018-02-28,7.836013970741185e-05
2018-03-01,-0.0010432550579076993
2018-03-02,0.0016097093861602296
2018-03-03,0.0
2018-03-04,0.0
2018-03-05,0.0
2018-03-06,0.0
2018-03-07,0.0
2018-03-08,0.0
2018-03-09,0.003154926510640088
2018-03-10,0.0
2018-03-11,0.0
2018-03-12,0.0
2018-03-13,0.0018214252237034323
2018-03-14,0.0
2018-03-15,0.0
2018-03-16,0.0027412551268966023
2018-03-17,0.0
2018-03-18,0.0
2018-03-19,0.0
2018-03-20,0.0
2018-03-21,0.0
2018-03-22,0.0
2018-03-23,-0.009792244849915921
2018-03-24,0.0
2018-03-25,0.0
2018-03-26,0.0
2018-03-27,0.0
2018-03-28,0.0
2018-03-29,0.0022216968214165966
2018-03-30,0.0
2018-03-31,0.0
2018-04-01,8.527671076508092e-05
2018-04-02,0.0
2018-04-03,0.0
2018-04-04,0.0
2018-04-05,0.0
2018-04-06,-0.004471210425946892
2018-04-07,0.0
2018-04-08,0.0
2018-04-09,0.0005407452278944902
2018-04-10,0.0
2018-04-11,0.0
2018-04-12,0.0
2018-04-13,-0.00011689216362886778
2018-04-14,0.0
2018-04-15,0.0
2018-04-16,0.0
2018-04-17,0.0
2018-04-18,0.0
2018-04-19,0.0
2018-04-20,0.004030537319720917
2018-04-21,0.0
2018-04-22,0.0
2018-04-23,0.0
2018-04-24,0.0
2018-04-25,0.0
2018-04-26,0.0
2018-04-27,0.00040843915089694427
2018-04-28,0.0
2018-04-29,0.0
2018-04-30,-0.0010957400317656019
2018-05-01,0.0016281727950155922
2018-05-02,0.0
2018-05-03,0.0
2018-05-04,0.0005475794435578774
2018-05-05,0.0
2018-05-06,0.0
2018-05-07,-0.0008974559936776316
2018-05-08,0.0
2018-05-09,0.0
2018-05-10,0.0
2018-05-11,0.003639254681484516
2018-05-12,0.0
2018-05-13,0.0
2018-05-14,0.0
2018-05-15,0.0
2018-05-16,0.0009549559956945064
2018-05-17,0.0
2018-05-18,0.0013512340270842582
2018-05-19,0.0
2018-05-20,0.0
2018-05-21,-0.002209230421215902
2018-05-22,0.0022141219267326484
2018-05-23,0.0
2018-05-24,0.0
2018-05-25,0.0016913801150786334
2018-05-26,0.0
2018-05-27,0.0
2018-05-28,0.0
2018-05-29,0.0
2018-05-30,0.0
2018-05-31,0.0021436433259875987
2018-06-01,-0.0008444986412899924
2018-06-02,0.0
2018-06-03,0.0
2018-06-04,0.0
2018-06-05,0.0
2018-06-06,0.0
2018-06-07,0.0
2018-06-08,0.0032770602466543064
2018-06-09,0.0
2018-06-10,0.0
2018-06-11,0.0
2018-06-12,0.0
2018-06-13,0.0
2018-06-14,0.0
2018-06-15,0.005198665020461846
2018-06-16,0.0
2018-06-17,0.0
2018-06-18,0.0
2018-06-19,0.0
2018-06-20,0.0
2018-06-21,0.0
2018-06-22,-0.001149485616824819
2018-06-23,0.0
2018-06-24,0.0
2018-06-25,0.0
2018-06-26,0.0
2018-06-27,0.0
2018-06-28,0.0
2018-06-29,-0.00415871535398038
2018-06-30,0.0
2018-07-01,0.0007469389031049545
2018-07-02,0.002251620938847898
2018-07-03,-0.0022465625316112625
2018-07-04,0.0
2018-07-05,0.0
2018-07-06,0.0007599558207334045
2018-07-07,0.0
2018-07-08,0.0
2018-07-09,0.0
2018-07-10,0.0
2018-07-11,0.0
2018-07-12,0.0
2018-07-13,0.0036633028103547627
2018-07-14,0.0
2018-07-15,0.0
2018-07-16,0.0
2018-07-17,0.0
2018-07-18,0.0
2018-07-19,0.0
2018-07-20,-0.00028945860570495086
2018-07-21,0.0
2018-07-22,0.0
2018-07-23,0.0
2018-07-24,0.0
2018-07-25,0.0
2018-07-26,0.0
2018-07-27,-0.002442266771963131
2018-07-28,0.0
2018-07-29,0.0
2018-07-30,0.0
2018-07-31,0.0011272336023984142
2018-08-01,-0.0006671530681721105
2018-08-02,0.0
2018-08-03,-0.0013832549285032192
2018-08-04,0.0
2018-08-05,0.0
2018-08-06,-0.0015297094984422221
2018-08-07,0.0015320530946130173
2018-08-08,0.0
2018-08-09,0.0
2018-08-10,0.0023830832099158705
2018-08-11,0.0
2018-08-12,0.0
2018-08-13,0.0
2018-08-14,0.0
2018-08-15,0.0
2018-08-16,0.0
2018-08-17,-0.0005362774260779801
2018-08-18,0.0
2018-08-19,0.0
2018-08-20,0.0
2018-08-21,0.0
2018-08-22,0.0
2018-08-23,0.0
2018-08-24,0.0013127882596593032
2018-08-25,0.0
2018-08-26,0.0
2018-08-27,0.0
2018-08-28,0.0
2018-08-29,0.0
2018-08-30,0.0
2018-08-31,0.002698363804727766
2018-09-01,-0.0008749302369910339
2018-09-02,0.0
2018-09-03,0.0
2018-09-04,0.0
2018-09-05,0.0
2018-09-06,0.0
2018-09-07,-0.00019281934609594042
2018-09-08,0.0
2018-09-09,0.0
2018-09-10,0.0
2018-09-11,0.0
2018-09-12,0.0
2018-09-13,0.0
2018-09-14,-0.0021496866617903843
2018-09-15,0.0
2018-09-16,0.0
2018-09-17,0.0
2018-09-18,0.0
2018-09-19,0.0
2018-09-20,0.0
2018-09-21,-0.003137036805785365
2018-09-22,0.0
2018-09-23,0.0
2018-09-24,0.0
2018-09-25,0.0
2018-09-26,0.0
2018-09-27,0.0
2018-09-28,0.001672974393648552
2018-09-29,0.0
2018-09-30,0.0
2018-10-01,-0.008329921746317637
2018-10-02,0.0
2018-10-03,0.0
2018-10-04,0.0
2018-10-05,-0.004748570887480041
2018-10-06,0.0
2018-10-07,0.0
2018-10-08,0.0019087287541244002
2018-10-09,-0.0019050924493868582
2018-10-10,0.0
2018-10-11,0.0
2018-10-12,-0.005859585938430278
2018-10-13,0.0
2018-10-14,0.0
2018-10-15,0.0
2018-10-16,0.0
2018-10-17,0.0
2018-10-18,0.0
2018-10-19,0.003300708913054562
2018-10-20,0.0
2018-10-21,0.0
2018-10-22,0.0
2018-10-23,0.0
2018-10-24,0.0
2018-10-25,0.0
2018-10-26,-0.002772873635138118
2018-10-27,0.0
2018-10-28,0.0
2018-10-29,0.0
2018-10-30,0.0
2018-10-31,0.005841569086609377
2018-11-01,-0.0005143923986575816
2018-11-02,0.00016487033858925138
2018-11-03,0.0
2018-11-04,0.0
2018-11-05,0.0
2018-11-06,0.0
2018-11-07,0.0
2018-11-08,0.0
2018-11-09,0.003197129558482059
2018-11-10,0.0
2018-11-11,0.0
2018-11-12,-0.0004285262262512246
2018-11-13,0.00042870993970378635
2018-11-14,0.0
2018-11-15,0.0
2018-11-16,-0.004292690820634326
2018-11-17,0.0
2018-11-18,0.0
2018-11-19,0.0
2018-11-20,0.0
2018-11-21,0.0
2018-11-22,0.0
2018-11-23,-0.0044762236804348765
2018-11-24,0.0
2018-11-25,0.0
2018-11-26,0.0
2018-11-27,0.0
2018-11-28,0.0
2018-11-29,0.0
2018-11-30,0.008085583290530884
2018-12-01,-0.004935985088561634
2018-12-02,0.0
2018-12-03,0.0
2018-12-04,0.0
2018-12-05,0.0
2018-12-06,0.0
2018-12-07,-0.006569711925786703
2018-12-08,0.0
2018-12-09,0.0
2018-12-10,0.0
2018-12-11,0.0
2018-12-12,0.0
2018-12-13,0.0
2018-12-14,-0.0011409625622288422
2018-12-15,0.0
2018-12-16,0.0
2018-12-17,0.0
2018-12-18,0.0
2018-12-19,0.0
2018-12-20,0.0
2018-12-21,-0.004103918405809814
2018-12-22,0.0
2018-12-23,0.0
2018-12-24,0.0
2018-12-25,0.0
2018-12-26,0.0
2018-12-27,0.0
2018-12-28,0.006077418831729409
2018-12-29,0.0
2018-12-30,0.0
2018-12-31,0.0008277118593518207
2019-01-01,0.008344493479436554
2019-01-02,0.0
2019-01-03,0.0
2019-01-04,-0.005995641008777586
2019-01-05,0.0
2019-01-06,0.0
2019-01-07,0.0
2019-01-08,0.0
2019-01-09,0.0
2019-01-10,0.0
2019-01-11,0.003769073826920488
2019-01-12,0.0
2019-01-13,0.0
2019-01-14,0.0
2019-01-15,0.0
2019-01-16,0.0
2019-01-17,0.0
2019-01-18,0.001214604241546624
2019-01-19,0.0
2019-01-20,0.0
2019-01-21,0.0
2019-01-22,0.0
2019-01-23,0.0
2019-01-24,0.0
2019-01-25,7.9413662131822e-05
2019-01-26,0.0
2019-01-27,0.0
2019-01-28,0.0
2019-01-29,0.0
2019-01-30,0.0
2019-01-31,0.0037491574006793815
2019-02-01,0.0009776723644272511
2019-02-02,0.0
2019-02-03,0.0
2019-02-04,0.0
2019-02-05,0.0
2019-02-06,0.0
2019-02-07,0.0
2019-02-08,0.004477314033230817
2019-02-09,0.0
2019-02-10,0.0
2019-02-11,0.0
2019-02-12,0.0
2019-02-13,0.0
2019-02-14,0.0
2019-02-15,0.0031429266786502374
2019-02-16,0.0
2019-02-17,0.0
2019-02-18,0.0
2019-02-19,0.0
2019-02-20,0.0
2019-02-21,0.0
2019-02-22,0.0012403786460053468
2019-02-23,0.0
2019-02-24,0.0
2019-02-25,0.0
2019-02-26,0.0
2019-02-27,0.0
2019-02-28,0.004693936308206137
2019-03-01,0.0023351564426647986
2019-03-02,0.0
2019-03-03,0.0
2019-03-04,0.0
2019-03-05,0.0
2019-03-06,0.0
2019-03-07,0.0
2019-03-08,-0.0036818123608988174
2019-03-09,0.0
2019-03-10,0.0
2019-03-11,0.0
2019-03-12,0.0
2019-03-13,0.0
2019-03-14,0.0
2019-03-15,0.001495908250727318
2019-03-16,0.0
2019-03-17,0.0
2019-03-18,0.0
2019-03-19,0.0
2019-03-20,0.0
2019-03-21,0.0
2019-03-22,0.00019661152185856956
2019-03-23,0.0
2019-03-24,0.0
2019-03-25,0.0
2019-03-26,0.0
2019-03-27,0.0
2019-03-28,0.0
2019-03-29,0.006823440643921153
2019-03-30,0.0
2019-03-31,0.0
2019-04-01,0.0026678391500889465
2019-04-02,0.0
2019-04-03,0.0
2019-04-04,0.0
2019-04-05,0.002792746540032587
2019-04-06,0.0
2019-04-07,0.0
2019-04-08,0.0
2019-04-09,0.0
2019-04-10,0.0
2019-04-11,0.0
2019-04-12,0.0017339988470996825
2019-04-13,0.0
2019-04-14,0.0
2019-04-15,0.0
2019-04-16,0.0
2019-04-17,0.0
2019-04-18,-0.0013102856542916985
2019-04-19,0.0
2019-04-20,0.0
2019-04-21,0.0
2019-04-22,0.0
2019-04-23,0.0
2019-04-24,0.0
2019-04-25,0.0
2019-04-26,0.0027671121173293844
2019-04-27,0.0
2019-04-28,0.0
2019-04-29,0.0
2019-04-30,0.0031005869010456433
2019-05-01,-0.0036192072938086017
2019-05-02,0.0
2019-05-03,-0.0008613071325617172
2019-05-04,0.0
2019-05-05,0.0
2019-05-06,0.0
2019-05-07,0.0
2019-05-08,0.0
2019-05-09,0.0
2019-05-10,-0.0037519118534736773
2019-05-11,0.0
2019-05-12,0.0
2019-05-13,0.0
2019-05-14,0.0
2019-05-15,0.0
2019-05-16,0.0
2019-05-17,0.0025391975878163997
2019-05-18,0.0
2019-05-19,0.0
2019-05-20,-0.0016959247178520709
2019-05-21,0.0016988057645388466
2019-05-22,0.0
2019-05-23,0.0
2019-05-24,0.0011576077310644362
2019-05-25,0.0
2019-05-26,0.0
2019-05-27,0.0
2019-05-28,0.0
2019-05-29,0.0
2019-05-30,0.0
2019-05-31,0.005106222717667475
2019-06-01,0.004604499244885485
2019-06-02,0.0
2019-06-03,0.0
2019-06-04,0.0
2019-06-05,0.0
2019-06-06,0.0
2019-06-07,-0.00013328757582709017
2019-06-08,0.0
2019-06-09,0.0
2019-06-10,0.0
2019-06-11,0.0
2019-06-12,0.0
2019-06-13,0.0
2019-06-14,0.0004017328164984679
2019-06-15,0.0
2019-06-16,0.0
2019-06-17,0.0
2019-06-18,0.0
2019-06-19,0.0
2019-06-20,0.0
2019-06-21,-0.0011325896754438292
2019-06-22,0.0
2019-06-23,0.0
2019-06-24,0.0
2019-06-25,0.0
2019-06-26,0.0
2019-06-27,0.0
2019-06-28,-0.009584518383423668
2019-06-29,0.0
2019-06-30,0.0
2019-07-01,0.008295397625711853
2019-07-02,-0.007316067876775745
2019-07-03,0.0
2019-07-04,0.0
2019-07-05,0.003824586300998467
2019-07-06,0.0
2019-07-07,0.0
2019-07-08,0.0
2019-07-09,0.0
2019-07-10,0.0
2019-07-11,0.0
2019-07-12,0.000729906268303715
2019-07-13,0.0
2019-07-14,0.0
2019-07-15,0.0
2019-07-16,0.0
2019-07-17,0.0
2019-07-18,0.0
2019-07-19,-0.0022772140021052323
2019-07-20,0.0
2019-07-21,0.0
2019-07-22,0.0
2019-07-23,0.0
2019-07-24,0.0
2019-07-25,0.0
2019-07-26,0.0033878990459326186
2019-07-27,0.0
2019-07-28,0.0
2019-07-29,0.0
2019-07-30,0.0
2019-07-31,-0.0015017785616142643
2019-08-01,-0.00275522500677694
2019-08-02,-0.0012614918414006748
2019-08-03,0.0
2019-08-04,0.0
2019-08-05,-0.0008487978605271618
2019-08-06,0.0008495189303776574
2019-08-07,0.0
2019-08-08,0.0
2019-08-09,0.0008989386026114765
2019-08-10,0.0
2019-08-11,0.0
2019-08-12,0.0
2019-08-13,0.0
2019-08-14,0.0
2019-08-15,0.0
2019-08-16,0.0025901762214011192
2019-08-17,0.0
2019-08-18,0.0
2019-08-19,0.0
2019-08-20,0.0
2019-08-21,0.0
2019-08-22,0.0
2019-08-23,-0.0012562199834484922
2019-08-24,0.0
2019-08-25,0.0
2019-08-26,0.0
2019-08-27,0.0
2019-08-28,0.0
2019-08-29,0.0
2019-08-30,0.0032808522708343
2019-08-31,0.0
2019-09-01,0.00015452893573808524
2019-09-02,0.0
2019-09-03,0.0
2019-09-04,0.0
2019-09-05,0.0
2019-09-06,-0.0020611380620271236
2019-09-07,0.0
2019-09-08,0.0
2019-09-09,0.0
2019-09-10,0.0
2019-09-11,0.0
2019-09-12,0.0
2019-09-13,-0.0062346181248910115
2019-09-14,0.0
2019-09-15,0.0
2019-09-16,0.0
2019-09-17,0.0
2019-09-18,0.0
2019-09-19,0.0
2019-09-20,0.001707669288037783
2019-09-21,0.0
2019-09-22,0.0
2019-09-23,0.0
2019-09-24,0.0
2019-09-25,0.0
2019-09-26,0.0
2019-09-27,-0.003196080524441647
2019-09-28,0.0
2019-09-29,0.0
2019-09-30,0.0013133232838045128
2019-10-01,0.002609052102731102
2019-10-02,0.0
2019-10-03,0.0
2019-10-04,0.002119936816335599
2019-10-05,0.0
2019-10-06,0.0
2019-10-07,0.0
2019-10-08,0.0
2019-10-09,0.0
2019-10-10,0.0
2019-10-11,-0.0017575323478959959
2019-10-12,0.0
2019-10-13,0.0
2019-10-14,0.00040015781907665193
2019-10-15,-0.0003999977568466262
2019-10-16,0.0
2019-10-17,0.0
2019-10-18,-0.0007214124881079753
2019-10-19,0.0
2019-10-20,0.0
2019-10-21,0.0
2019-10-22,0.0
2019-10-23,0.0
2019-10-24,0.0
2019-10-25,-0.0023025661124618235
2019-10-26,0.0
2019-10-27,0.0
2019-10-28,0.0
2019-10-29,0.0
2019-10-30,0.0
2019-10-31,0.0007633138355906954
2019-11-01,0.0027194998282755733
2019-11-02,0.0
2019-11-03,0.0
2019-11-04,0.0
2019-11-05,0.0
2019-11-06,0.0
2019-11-07,0.0
2019-11-08,0.0016349180822774478
2019-11-09,0.0
2019-11-10,0.0
2019-11-11,-0.0007792327231598284
2019-11-12,0.0007798404003185322
2019-11-13,0.0
2019-11-14,0.0
2019-11-15,0.0030612842777677507
2019-11-16,0.0
2019-11-17,0.0
2019-11-18,0.0
2019-11-19,0.0
2019-11-20,0.0
2019-11-21,0.0
2019-11-22,0.001834794838449394
2019-11-23,0.0
2019-11-24,0.0
2019-11-25,0.0
2019-11-26,0.0
2019-11-27,0.0
2019-11-28,0.0
2019-11-29,0.00704251618258156
2019-11-30,0.0
2019-12-01,0.004713964804873516
2019-12-02,0.0
2019-12-03,0.0
2019-12-04,0.0
2019-12-05,0.0
2019-12-06,-0.0013691498993915197
2019-12-07,0.0
2019-12-08,0.0
2019-12-09,0.0
2019-12-10,0.0
2019-12-11,0.0
2019-12-12,0.0
2019-12-13,-0.0014344117722435712
2019-12-14,0.0
2019-12-15,0.0
2019-12-16,0.0
2019-12-17,0.0
2019-12-18,0.0
2019-12-19,0.0
2019-12-20,0.0020900127031533433
2019-12-21,0.0
2019-12-22,0.0
2019-12-23,0.0
2019-12-24,0.0
2019-12-25,0.0
2019-12-26,0.0
2019-12-27,-0.0013580095099530176
2019-12-28,0.0
2019-12-29,0.0
2019-12-30,0.0
2019-12-31,0.0038759183145125053
2020-01-01,-0.001795321846049025
2020-01-02,0.0
2020-01-03,-0.00035393356267454656
2020-01-04,0.0
2020-01-05,0.0
2020-01-06,0.0
2020-01-07,0.0
2020-01-08,0.0
2020-01-09,0.0
2020-01-10,0.004483853848771702
2020-01-11,0.0
2020-01-12,0.0
2020-01-13,0.0
2020-01-14,0.0
2020-01-15,0.0
2020-01-16,0.0
2020-01-17,0.0032761665925378214
2020-01-18,0.0
2020-01-19,0.0
2020-01-20,0.0
2020-01-21,0.0
2020-01-22,0.0
2020-01-23,0.0
2020-01-24,-0.0011453563424389523
2020-01-25,0.0
2020-01-26,0.0
2020-01-27,0.0
2020-01-28,0.0
2020-01-29,0.0
2020-01-30,0.0
2020-01-31,0.009615463096789956
2020-02-01,-0.005408492438313206
2020-02-02,0.0
2020-02-03,0.0
2020-02-04,0.0
2020-02-05,0.0
2020-02-06,0.0
2020-02-07,0.002353703928829054
2020-02-08,0.0
2020-02-09,0.0
2020-02-10,0.0
2020-02-11,0.0
2020-02-12,0.0
2020-02-13,0.0
2020-02-14,0.0026745119107169923
2020-02-15,0.0
2020-02-16,0.0
2020-02-17,0.0
2020-02-18,0.0
2020-02-19,0.0
2020-02-20,0.0
2020-02-21,-0.002053717995548654
2020-02-22,0.0
2020-02-23,0.0
2020-02-24,0.0
2020-02-25,0.0
2020-02-26,0.0
2020-02-27,0.0
2020-02-28,-0.010715817038116748
2020-02-29,0.0
2020-03-01,-0.016572872696960395
2020-03-02,0.0
2020-03-03,0.0
2020-03-04,0.0
2020-03-05,0.0
2020-03-06,0.005602286979123017
2020-03-07,0.0
2020-03-08,0.0
2020-03-09,0.0
2020-03-10,0.0
2020-03-11,0.0
2020-03-12,0.0
2020-03-13,-0.003641460235637717
2020-03-14,0.0
2020-03-15,0.0
2020-03-16,0.0
2020-03-17,0.0
2020-03-18,0.0
2020-03-19,0.0
2020-03-20,-0.007957985724330707
2020-03-21,0.0
2020-03-22,0.0
2020-03-23,0.0
2020-03-24,0.0
2020-03-25,0.0
2020-03-26,0.0
2020-03-27,0.003706146366751817
2020-03-28,0.0
2020-03-29,0.0
2020-03-30,0.0
2020-03-31,-0.024590449649955493
2020-04-01,0.011339564542718561
2020-04-02,0.0
2020-04-03,-0.001097728604748438
2020-04-04,0.0
2020-04-05,0.0
2020-04-06,0.0
2020-04-07,0.0
2020-04-08,0.0
2020-04-09,0.004125619612439957
2020-04-10,0.0
2020-04-11,0.0
2020-04-12,0.0
2020-04-13,0.0
2020-04-14,0.0
2020-04-15,0.0
2020-04-16,0.0
2020-04-17,0.004455934950166496
2020-04-18,0.0
2020-04-19,0.0
2020-04-20,0.0
2020-04-21,0.0
2020-04-22,0.0
2020-04-23,0.0
2020-04-24,0.0002464721451107543
2020-04-25,0.0
2020-04-26,0.0
2020-04-27,0.0
2020-04-28,0.0
2020-04-29,0.0
2020-04-30,0.016613929119461357
2020-05-01,0.003602094927644961
2020-05-02,0.0
2020-05-03,0.0
2020-05-04,0.0
2020-05-05,0.0
2020-05-06,0.0
2020-05-07,0.0
2020-05-08,0.0005099040076210759
2020-05-09,0.0
2020-05-10,0.0
2020-05-11,0.0
2020-05-12,0.0
2020-05-13,0.0
2020-05-14,0.0
2020-05-15,0.001878905721031554
2020-05-16,0.0
2020-05-17,0.0
2020-05-18,0.0003264421939983553
2020-05-19,-0.0003263356642682069
2020-05-20,0.0
2020-05-21,0.0
2020-05-22,-0.0006733673488820147
2020-05-23,0.0
2020-05-24,0.0
2020-05-25,0.0
2020-05-26,0.0
2020-05-27,0.0
2020-05-28,0.0
2020-05-29,0.009624164152802095
2020-05-30,0.0
2020-05-31,0.0
2020-06-01,0.004275378106444849
2020-06-02,0.0
2020-06-03,0.0
2020-06-04,0.0
2020-06-05,-0.0038338397457330364
2020-06-06,0.0
2020-06-07,0.0
2020-06-08,0.0
2020-06-09,0.0
2020-06-10,0.0
2020-06-11,0.0
2020-06-12,-0.0010166808049035803
2020-06-13,0.0
2020-06-14,0.0
2020-06-15,0.0
2020-06-16,0.0
2020-06-17,0.0
2020-06-18,0.0
2020-06-19,0.008157171607978908
2020-06-20,0.0
2020-06-21,0.0
2020-06-22,0.0
2020-06-23,0.0
2020-06-24,0.0
2020-06-25,0.0
2020-06-26,0.00031299100919568446
2020-06-27,0.0
2020-06-28,0.0
2020-06-29,0.0
2020-06-30,0.03174015465626634
2020-07-01,-0.02455427097530183
2020-07-02,0.031538104925354915
2020-07-03,0.00026036382500649324
2020-07-04,0.0
2020-07-05,0.0
2020-07-06,0.0
2020-07-07,0.0
2020-07-08,0.0
2020-07-09,0.0
2020-07-10,0.004364243320287509
2020-07-11,0.0
2020-07-12,0.0
2020-07-13,0.0
2020-07-14,0.0
2020-07-15,0.0
2020-07-16,0.0
2020-07-17,0.0011621702241595422
2020-07-18,0.0
2020-07-19,0.0
2020-07-20,0.0
2020-07-21,0.0
2020-07-22,0.0
2020-07-23,0.0
2020-07-24,-0.001238572274302463
2020-07-25,0.0
2020-07-26,0.0
2020-07-27,0.0
2020-07-28,0.0
2020-07-29,0.0
2020-07-30,0.0
2020-07-31,0.00825508053207158
2020-08-01,0.0052299607053545305
2020-08-02,0.0
2020-08-03,-0.008070506501115182
2020-08-04,0.008136169510040148
2020-08-05,0.0
2020-08-06,0.0
2020-08-07,0.0016976476395360596
2020-08-08,0.0
2020-08-09,0.0
2020-08-10,0.0
2020-08-11,0.0
2020-08-12,0.0
2020-08-13,0.0
2020-08-14,-0.002484804765826909
2020-08-15,0.0
2020-08-16,0.0
2020-08-17,0.0
2020-08-18,0.0
2020-08-19,0.0
2020-08-20,0.0
2020-08-21,0.0016518933059113117
2020-08-22,0.0
2020-08-23,0.0
2020-08-24,0.0
2020-08-25,0.0
2020-08-26,0.0
2020-08-27,0.0
2020-08-28,-0.0022867570668877457
2020-08-29,0.0
2020-08-30,0.0
2020-08-31,0.0016635744268314046
2020-09-01,-0.0026135007904012353
2020-09-02,0.0
2020-09-03,0.0
2020-09-04,-0.00512061773872563
2020-09-05,0.0
2020-09-06,0.0
2020-09-07,0.0
2020-09-08,0.0
2020-09-09,0.0
2020-09-10,0.0
2020-09-11,0.0003525449016614779
2020-09-12,0.0
2020-09-13,0.0
2020-09-14,0.0
2020-09-15,0.0
2020-09-16,0.0
2020-09-17,0.0
2020-09-18,-0.0010743427066098876
2020-09-19,0.0
2020-09-20,0.0
2020-09-21,0.0
2020-09-22,0.0
2020-09-23,0.0
2020-09-24,0.0
2020-09-25,0.004805838311614963
2020-09-26,0.0
2020-09-27,0.0
2020-09-28,0.0
2020-09-29,0.0
2020-09-30,0.01839855471286511
2020-10-01,0.0009545541478028774
